{"cameraMode":{"drawMode":0,"name":"Shaded","section":"Shading Mode"},"sceneLighting":true,"audioPlay":false,"sceneViewState":{"showFog":true,"showMaterialUpdate":false,"showSkybox":true,"showFlares":true,"showImageEffects":true,"showParticleSystems":true},"in2DMode":false,"pivot":{"x":-9.22275161743164,"y":-5.886518478393555,"z":15.860300064086914},"rotation":{"x":-0.2827494740486145,"y":0.48003432154655459,"z":-0.16684630513191224,"w":-0.813500165939331},"size":23.334524154663087,"orthographic":false}